,count,mean,std,min,25%,50%,75%,max
career_DivWin,3346.0,1.6578003586371788,2.1489512449346075,0.0,0.0,1.0,3.0,14.0
career_WCWin,3346.0,0.34997011356843993,0.8340986017446581,0.0,0.0,0.0,0.0,7.0
career_LgWin,3346.0,1.4994022713687987,1.665664763539495,0.0,0.0,1.0,2.0,14.0
career_WSWin,3346.0,0.6963538553496712,1.0879823919587746,0.0,0.0,0.0,1.0,10.0
career_team_wins,3346.0,1142.0349671249253,296.4642054023671,279.0,927.0,1092.0,1311.0,2382.0
career_team_games,3346.0,2258.7606096832037,547.7786693796238,661.0,1863.0,2168.0,2585.75,4577.0
G,3346.0,1001.1658696951584,608.5901684276716,92.0,474.0,899.0,1399.75,3562.0
G_batting,3346.0,0.0,0.0,0.0,0.0,0.0,0.0,0.0
AB,3346.0,2963.33831440526,2632.1485068932257,0.0,504.5,2540.0,4823.75,14053.0
R,3346.0,407.05857740585776,418.9475091246425,0.0,31.0,302.0,663.0,2295.0
H,3346.0,796.4022713687986,768.3006508830418,0.0,76.0,641.0,1309.0,4256.0
2B,3346.0,136.83173939031678,138.78354523245008,0.0,10.0,105.0,222.75,792.0
3B,3346.0,27.231619844590554,35.67720041124287,0.0,1.0,14.0,40.0,309.0
HR,3346.0,65.51016138673043,100.06442491906658,0.0,1.0,22.0,90.0,762.0
RBI,3346.0,373.0023909145248,395.1204346042045,0.0,29.0,270.0,577.75,2297.0
SB,3346.0,63.33891213389121,110.6015210766399,0.0,0.0,17.0,74.75,1406.0
CS,3346.0,20.936640765092648,32.328316537936836,0.0,0.0,5.0,31.0,335.0
BB,3346.0,285.77943813508665,316.9023035929595,0.0,20.0,200.5,445.0,2558.0
SO,3346.0,401.47549312612074,385.00234483413686,0.0,121.0,287.0,571.0,2597.0
IBB,3346.0,17.386730424387327,35.209047157558125,0.0,0.0,0.0,22.0,688.0
HBP,3346.0,21.314704124327555,29.573953395666482,0.0,1.0,11.0,31.0,287.0
SH,3346.0,42.84728033472803,51.29682944963331,0.0,9.0,27.0,56.0,512.0
SF,3346.0,15.843992827256425,23.90816113142845,0.0,0.0,1.0,27.0,128.0
GIDP,3346.0,48.97101016138673,62.73804458668388,0.0,0.0,14.0,82.0,350.0
G_old,3346.0,0.0,0.0,0.0,0.0,0.0,0.0,0.0
post_G,3346.0,9.646443514644352,13.519721990997034,0.0,0.0,5.0,13.0,158.0
post_AB,3346.0,25.660490137477584,47.76992166711773,0.0,0.0,4.0,29.0,650.0
post_R,3346.0,3.088762701733413,6.87158829553357,0.0,0.0,0.0,3.0,111.0
post_H,3346.0,6.323968918111177,12.700138502978943,0.0,0.0,0.0,7.0,200.0
post_2B,3346.0,1.1180514046622834,2.4745261022144476,0.0,0.0,0.0,1.0,32.0
post_3B,3346.0,0.16347878063359234,0.5294262079969486,0.0,0.0,0.0,0.0,5.0
post_HR,3346.0,0.6512253436939629,1.9110237965548103,0.0,0.0,0.0,0.0,29.0
post_RBI,3346.0,2.8927077106993426,6.457090332801722,0.0,0.0,0.0,3.0,80.0
post_SB,3346.0,0.5062761506276151,1.889975775173704,0.0,0.0,0.0,0.0,34.0
post_CS,3346.0,0.2286312014345487,0.7112373964096591,0.0,0.0,0.0,0.0,9.0
post_BB,3346.0,2.473401075911536,5.9036137673823434,0.0,0.0,0.0,2.0,72.0
post_SO,3346.0,4.687985654512851,9.565262528631802,0.0,0.0,1.0,5.0,135.0
post_IBB,3346.0,0.2749551703526599,0.9785504124971649,0.0,0.0,0.0,0.0,21.0
post_HBP,3346.0,0.20322773460848775,0.7069598780678269,0.0,0.0,0.0,0.0,11.0
post_SH,3346.0,0.3332337118947998,0.8668352850635351,0.0,0.0,0.0,0.0,9.0
post_SF,3346.0,0.15989240884638375,0.5405686982878911,0.0,0.0,0.0,0.0,6.0
post_GIDP,3346.0,0.4931261207411835,1.2632960307144356,0.0,0.0,0.0,0.0,17.0
fielding_G,3346.0,927.8167961745368,569.2731323027201,72.0,448.0,796.5,1294.75,3528.0
fielding_GS,3346.0,515.9991034070532,598.8091922546304,0.0,3.0,281.5,859.0,3437.0
InnOuts,3346.0,15646.26150627615,16308.46579712386,0.0,2206.0,8706.0,26466.75,90298.0
PO,3346.0,2352.4479976090856,3180.2888976446447,7.0,111.0,1534.0,3191.75,23767.0
A,3346.0,959.8296473401076,1399.4968278885983,1.0,142.0,333.0,1042.75,8967.0
E,3346.0,95.09503885236103,129.71281118856743,0.0,17.0,49.5,120.0,1096.0
DP,3346.0,206.8747758517633,342.3598760991937,0.0,15.0,36.0,236.75,2044.0
PB,3346.0,10.03735803945009,41.78394256859333,0.0,0.0,0.0,0.0,763.0
fielding_WP,3346.0,2.420502092050209,20.164223772457383,0.0,0.0,0.0,0.0,427.0
fielding_SB,3346.0,45.22235505080693,174.54735016401762,0.0,0.0,0.0,0.0,2541.0
fielding_CS,3346.0,25.294381350866708,104.64669441996355,0.0,0.0,0.0,0.0,1458.0
ZR,3346.0,0.23640167364016737,2.1339315965231753,0.0,0.0,0.0,0.0,42.0
fielding_post_G,3346.0,8.553496712492528,12.879560800899032,0.0,0.0,4.0,12.0,157.0
fielding_post_GS,3346.0,6.597130902570233,12.058488905976775,0.0,0.0,1.0,8.0,157.0
post_InnOuts,3346.0,175.94381350866706,319.39572216203516,0.0,0.0,40.0,197.75,4275.0
post_PO,3346.0,19.861625821876867,51.3473500152549,0.0,0.0,1.0,16.75,846.0
post_A,3346.0,7.443813508667065,20.54808016548465,0.0,0.0,1.0,5.0,430.0
post_E,3346.0,0.576210400478183,1.3320322143227024,0.0,0.0,0.0,1.0,16.0
post_DP,3346.0,1.6102809324566647,5.020073497277089,0.0,0.0,0.0,1.0,101.0
post_TP,3346.0,0.00029886431560071725,0.017287692604876958,0.0,0.0,0.0,0.0,1.0
post_PB,3346.0,0.049611476389719064,0.4227338227285776,0.0,0.0,0.0,0.0,12.0
fielding_post_SB,3346.0,0.0,0.0,0.0,0.0,0.0,0.0,0.0
fielding_post_CS,3346.0,0.0,0.0,0.0,0.0,0.0,0.0,0.0
inducted,3346.0,0.08218768679019725,0.2746915030780661,0.0,0.0,0.0,0.0,1.0
seasons_played,3346.0,13.380155409444113,3.0649395109912043,10.0,11.0,13.0,15.0,27.0
ALCS MVP,3346.0,0.008667065152420802,0.09587712476128092,0.0,0.0,0.0,0.0,2.0
All-MLB Team - First Team,3346.0,0.0,0.0,0.0,0.0,0.0,0.0,0.0
All-MLB Team - Second Team,3346.0,0.0,0.0,0.0,0.0,0.0,0.0,0.0
All-Star Game MVP,3346.0,0.015242080095636582,0.13193132914475664,0.0,0.0,0.0,0.0,2.0
Babe Ruth Award,3346.0,0.017931858936043037,0.13715460869307708,0.0,0.0,0.0,0.0,2.0
Baseball Magazine All-Star,3346.0,0.42528392109982066,1.9815155514153135,0.0,0.0,0.0,0.0,29.0
Bob Feller Act of Valor Award - HOF Player,3346.0,0.002988643156007173,0.054594889537933594,0.0,0.0,0.0,0.0,1.0
Bob Feller Act of Valor Award - MLB Player,3346.0,0.0005977286312014345,0.02444483458807086,0.0,0.0,0.0,0.0,1.0
Bob Feller Act of Valor Award - Patriot Award,3346.0,0.00029886431560071725,0.017287692604876958,0.0,0.0,0.0,0.0,1.0
Branch Rickey Award,3346.0,0.005678421996413628,0.07515228183821981,0.0,0.0,0.0,0.0,1.0
Comeback Player of the Year,3346.0,0.005379557680812911,0.07713705303675031,0.0,0.0,0.0,0.0,2.0
Cy Young Award,3346.0,0.029288702928870293,0.25711385757818583,0.0,0.0,0.0,0.0,7.0
Gold Glove,3346.0,0.2901972504482965,1.2986388723282096,0.0,0.0,0.0,0.0,18.0
Hank Aaron Award,3346.0,0.006873879258816497,0.12083652223250141,0.0,0.0,0.0,0.0,4.0
Hutch Award,3346.0,0.013448894202032277,0.11520411438128521,0.0,0.0,0.0,0.0,1.0
Lou Gehrig Memorial Award,3346.0,0.017035265989240884,0.12942206805885836,0.0,0.0,0.0,0.0,1.0
MLB Players Choice Comeback Player,3346.0,0.010759115361625823,0.10882257724150468,0.0,0.0,0.0,0.0,2.0
MLB Players Choice Man of the Year,3346.0,0.005977286312014346,0.10641663652959513,0.0,0.0,0.0,0.0,4.0
MLB Players Choice Outstanding Pitcher,3346.0,0.008965929468021518,0.12435907087946096,0.0,0.0,0.0,0.0,3.0
MLB Players Choice Outstanding Player,3346.0,0.010161386730424387,0.16002103080314822,0.0,0.0,0.0,0.0,6.0
MLB Players Choice Outstanding Rookie,3346.0,0.005977286312014346,0.07709302569616429,0.0,0.0,0.0,0.0,1.0
MLB Players Choice Player of the Year,3346.0,0.0026897788404064557,0.06228290724795609,0.0,0.0,0.0,0.0,2.0
MLB Players Curt Flood Award,3346.0,0.001195457262402869,0.034559877074768874,0.0,0.0,0.0,0.0,1.0
Majestic Athletic Always Game Award,3346.0,0.0,0.0,0.0,0.0,0.0,0.0,0.0
Most Valuable Player,3346.0,0.05289898386132696,0.29729064551257084,0.0,0.0,0.0,0.0,7.0
NLCS MVP,3346.0,0.00986252241482367,0.10181394673114212,0.0,0.0,0.0,0.0,2.0
Outstanding DH Award,3346.0,0.012851165570830842,0.20196893298109725,0.0,0.0,0.0,0.0,8.0
Pitcher of the Month,3346.0,0.1087866108786611,0.5980540625861802,0.0,0.0,0.0,0.0,15.0
Pitching Triple Crown,3346.0,0.010460251046025104,0.13463552217230637,0.0,0.0,0.0,0.0,3.0
Platinum Glove,3346.0,0.0005977286312014345,0.03457538520975391,0.0,0.0,0.0,0.0,2.0
Player of the Month,3346.0,0.13090257023311416,0.6494023178852285,0.0,0.0,0.0,0.0,13.0
Player of the Week,3346.0,0.5932456664674238,1.511234199190133,0.0,0.0,0.0,0.0,16.0
Reliever of the Month,3346.0,0.010460251046025104,0.15332282853473617,0.0,0.0,0.0,0.0,4.0
Reliever of the Year,3346.0,0.0,0.0,0.0,0.0,0.0,0.0,0.0
Reliever of the Year Award,3346.0,0.020023909145248056,0.21571891006035798,0.0,0.0,0.0,0.0,5.0
Roberto Clemente Award,3346.0,0.01315002988643156,0.11393413076844112,0.0,0.0,0.0,0.0,1.0
Rookie of the Month,3346.0,0.013747758517632994,0.1460671294657712,0.0,0.0,0.0,0.0,4.0
Rookie of the Year,3346.0,0.027196652719665274,0.16268037440329777,0.0,0.0,0.0,0.0,1.0
SIlver Slugger,3346.0,0.0,0.0,0.0,0.0,0.0,0.0,0.0
Silver Slugger,3346.0,0.17065152420800955,0.8083195914589665,0.0,0.0,0.0,0.0,12.0
TSN All-Star,3346.0,0.39181111775254035,1.1662077625700964,0.0,0.0,0.0,0.0,13.0
TSN Comeback Player of the Year,3346.0,0.028093245666467422,0.17578288254525778,0.0,0.0,0.0,0.0,2.0
TSN Fireman of the Year,3346.0,0.023610280932456665,0.2288169272371145,0.0,0.0,0.0,0.0,5.0
TSN Guide MVP,3346.0,0.009563658099222952,0.12431451859649732,0.0,0.0,0.0,0.0,3.0
TSN Major League Player of the Year,3346.0,0.021518230723251645,0.18171306360627912,0.0,0.0,0.0,0.0,5.0
TSN Pitcher of the Year,3346.0,0.03765690376569038,0.2707765669614027,0.0,0.0,0.0,0.0,5.0
TSN Player of the Year,3346.0,0.026001195457262403,0.19618018623047148,0.0,0.0,0.0,0.0,3.0
TSN Reliever of the Year,3346.0,0.005379557680812911,0.08799913024734166,0.0,0.0,0.0,0.0,3.0
TSN Rookie Pitcher of the Year,3346.0,0.016138673042438732,0.12602762842239112,0.0,0.0,0.0,0.0,1.0
TSN Rookie Player of the Year,3346.0,0.019426180514046622,0.1380380336516196,0.0,0.0,0.0,0.0,1.0
TSN Rookie of the Year,3346.0,0.008965929468021518,0.09427723978771779,0.0,0.0,0.0,0.0,1.0
This Year in Baseball Best Bounceback Player,3346.0,0.00029886431560071725,0.017287692604876954,0.0,0.0,0.0,0.0,1.0
This Year in Baseball Best Breakout Player,3346.0,0.0,0.0,0.0,0.0,0.0,0.0,0.0
This Year in Baseball Best Defensive Player,3346.0,0.0,0.0,0.0,0.0,0.0,0.0,0.0
This Year in Baseball Best Major Leaguer,3346.0,0.0,0.0,0.0,0.0,0.0,0.0,0.0
This Year in Baseball Best Major Leaguer - Postseason,3346.0,0.0,0.0,0.0,0.0,0.0,0.0,0.0
This Year in Baseball Best Moment,3346.0,0.0,0.0,0.0,0.0,0.0,0.0,0.0
This Year in Baseball Best Performance,3346.0,0.0,0.0,0.0,0.0,0.0,0.0,0.0
This Year in Baseball Best Pitcher,3346.0,0.0,0.0,0.0,0.0,0.0,0.0,0.0
This Year in Baseball Best Play - Defense,3346.0,0.0,0.0,0.0,0.0,0.0,0.0,0.0
This Year in Baseball Best Play - Offense,3346.0,0.0005977286312014345,0.034575385209753916,0.0,0.0,0.0,0.0,2.0
This Year in Baseball Best Player,3346.0,0.00029886431560071725,0.017287692604876954,0.0,0.0,0.0,0.0,1.0
This Year in Baseball Best Rookie,3346.0,0.0,0.0,0.0,0.0,0.0,0.0,0.0
This Year in Baseball Best Social Media Personality,3346.0,0.0,0.0,0.0,0.0,0.0,0.0,0.0
This Year in Baseball Breakout Hitter of the Year,3346.0,0.00029886431560071725,0.017287692604876958,0.0,0.0,0.0,0.0,1.0
This Year in Baseball Breakout Pitcher of the Year,3346.0,0.00029886431560071725,0.017287692604876958,0.0,0.0,0.0,0.0,1.0
This Year in Baseball Breakout Player of the Year,3346.0,0.00029886431560071725,0.017287692604876954,0.0,0.0,0.0,0.0,1.0
This Year in Baseball Closer of the Year,3346.0,0.0026897788404064557,0.0791883187895563,0.0,0.0,0.0,0.0,4.0
This Year in Baseball Defensive Player of the Year,3346.0,0.002390914524805738,0.05462433926921561,0.0,0.0,0.0,0.0,2.0
This Year in Baseball Dependable Player of the Year,3346.0,0.00029886431560071725,0.017287692604876958,0.0,0.0,0.0,0.0,1.0
This Year in Baseball Hitter of the Year,3346.0,0.0017931858936043037,0.05464723364347381,0.0,0.0,0.0,0.0,2.0
This Year in Baseball Hitting Performance of the Year,3346.0,0.0,0.0,0.0,0.0,0.0,0.0,0.0
This Year in Baseball Moment of the Year,3346.0,0.0014943215780035865,0.057325880886950766,0.0,0.0,0.0,0.0,3.0
This Year in Baseball Oddity of the Year,3346.0,0.0020920502092050207,0.04569789549613804,0.0,0.0,0.0,0.0,1.0
This Year in Baseball Performance of the Year,3346.0,0.0017931858936043037,0.042314365127636845,0.0,0.0,0.0,0.0,1.0
This Year in Baseball Pitching Performance of the Year,3346.0,0.0005977286312014345,0.024444834588070858,0.0,0.0,0.0,0.0,1.0
This Year in Baseball Play of the Year,3346.0,0.0026897788404064557,0.05180102206065102,0.0,0.0,0.0,0.0,1.0
This Year in Baseball Player of the Year,3346.0,0.0,0.0,0.0,0.0,0.0,0.0,0.0
This Year in Baseball Postseason MVP,3346.0,0.0008965929468021519,0.029934208980901517,0.0,0.0,0.0,0.0,1.0
This Year in Baseball Postseason Moment of the Year,3346.0,0.0020920502092050207,0.04569789549613804,0.0,0.0,0.0,0.0,1.0
This Year in Baseball Rookie of the Year,3346.0,0.001195457262402869,0.034559877074768874,0.0,0.0,0.0,0.0,1.0
This Year in Baseball Setup Man of the Year,3346.0,0.0014943215780035865,0.03863333594670148,0.0,0.0,0.0,0.0,1.0
This Year in Baseball Starter of the Year,3346.0,0.0017931858936043037,0.042314365127636845,0.0,0.0,0.0,0.0,1.0
This Year in Baseball X-Factor Player of the Year,3346.0,0.00029886431560071725,0.017287692604876958,0.0,0.0,0.0,0.0,1.0
Triple Crown,3346.0,0.004781829049611476,0.07717642463049357,0.0,0.0,0.0,0.0,2.0
World Series MVP,3346.0,0.018230723251643755,0.14034755692892983,0.0,0.0,0.0,0.0,2.0
retired_five,3346.0,1.0,0.0,1.0,1.0,1.0,1.0,1.0
hof_eligibility,3346.0,1.0,0.0,1.0,1.0,1.0,1.0,1.0
